{
  "schema": "https://iotx-tsl.oss-ap-southeast-1.aliyuncs.com/schema.json",
  "profile": {
    "version": "1.0",
    "productKey": "k29vt0C22Rb"
  },
  "properties": [
    {
      "identifier": "temperature",
      "name": "温度",
      "accessMode": "rw",
      "desc": "温度",
      "required": false,
      "dataType": {
        "type": "float",
        "specs": {
          "min": "0",
          "max": "100",
          "unit": "°C",
          "unitName": "摄氏度",
          "step": "0.1"
        }
      }
    },
    {
      "identifier": "humidity",
      "name": "湿度",
      "accessMode": "rw",
      "desc": "湿度",
      "required": false,
      "dataType": {
        "type": "float",
        "specs": {
          "min": "0",
          "max": "100",
          "unit": "%RH",
          "unitName": "相对湿度",
          "step": "0.1"
        }
      }
    },
    {
      "identifier": "pressure",
      "name": "气压监测",
      "accessMode": "r",
      "required": false,
      "dataType": {
        "type": "double",
        "specs": {
          "min": "300",
          "max": "2000",
          "unit": "Pa",
          "unitName": "帕斯卡",
          "step": "0.01"
        }
      }
    },
    {
      "identifier": "lightIntensity",
      "name": "光照值",
      "accessMode": "r",
      "required": false,
      "dataType": {
        "type": "int",
        "specs": {
          "min": "0",
          "max": "65535",
          "step": "1"
        }
      }
    },
    {
      "identifier": "smokeDensity",
      "name": "烟感状态",
      "accessMode": "r",
      "required": false,
      "dataType": {
        "type": "float",
        "specs": {
          "min": "0",
          "max": "99999",
          "step": "0.1"
        }
      }
    },
    {
      "identifier": "relayStatus_1",
      "name": "继电器-1",
      "accessMode": "rw",
      "required": false,
      "dataType": {
        "type": "bool",
        "specs": {
          "0": "打开",
          "1": "闭合"
        }
      }
    },
    {
      "identifier": "relayStatus_2",
      "name": "继电器-2",
      "accessMode": "rw",
      "required": false,
      "dataType": {
        "type": "bool",
        "specs": {
          "0": "打开",
          "1": "闭合"
        }
      }
    },
    {
      "identifier": "relayStatus_3",
      "name": "继电器-3",
      "accessMode": "rw",
      "required": false,
      "dataType": {
        "type": "bool",
        "specs": {
          "0": "打开",
          "1": "闭合"
        }
      }
    },
    {
      "identifier": "relayStatus_4",
      "name": "继电器-4",
      "accessMode": "rw",
      "required": false,
      "dataType": {
        "type": "bool",
        "specs": {
          "0": "打开",
          "1": "闭合"
        }
      }
    },
    {
      "identifier": "circuitBreakerStatus",
      "name": "断路器开关",
      "accessMode": "rw",
      "required": false,
      "dataType": {
        "type": "bool",
        "specs": {
          "0": "关",
          "1": "开"
        }
      }
    }
  ],
  "events": [
    {
      "identifier": "post",
      "name": "post",
      "type": "info",
      "required": true,
      "desc": "属性上报",
      "method": "thing.event.property.post",
      "outputData": [
        {
          "identifier": "temperature",
          "name": "温度",
          "dataType": {
            "type": "float",
            "specs": {
              "min": "0",
              "max": "100",
              "unit": "°C",
              "unitName": "摄氏度",
              "step": "0.1"
            }
          }
        },
        {
          "identifier": "humidity",
          "name": "湿度",
          "dataType": {
            "type": "float",
            "specs": {
              "min": "0",
              "max": "100",
              "unit": "%RH",
              "unitName": "相对湿度",
              "step": "0.1"
            }
          }
        },
        {
          "identifier": "pressure",
          "name": "气压监测",
          "dataType": {
            "type": "double",
            "specs": {
              "min": "300",
              "max": "2000",
              "unit": "Pa",
              "unitName": "帕斯卡",
              "step": "0.01"
            }
          }
        },
        {
          "identifier": "lightIntensity",
          "name": "光照值",
          "dataType": {
            "type": "int",
            "specs": {
              "min": "0",
              "max": "65535",
              "step": "1"
            }
          }
        },
        {
          "identifier": "smokeDensity",
          "name": "烟感状态",
          "dataType": {
            "type": "float",
            "specs": {
              "min": "0",
              "max": "99999",
              "step": "0.1"
            }
          }
        },
        {
          "identifier": "relayStatus_1",
          "name": "继电器-1",
          "dataType": {
            "type": "bool",
            "specs": {
              "0": "打开",
              "1": "闭合"
            }
          }
        },
        {
          "identifier": "relayStatus_2",
          "name": "继电器-2",
          "dataType": {
            "type": "bool",
            "specs": {
              "0": "打开",
              "1": "闭合"
            }
          }
        },
        {
          "identifier": "relayStatus_3",
          "name": "继电器-3",
          "dataType": {
            "type": "bool",
            "specs": {
              "0": "打开",
              "1": "闭合"
            }
          }
        },
        {
          "identifier": "relayStatus_4",
          "name": "继电器-4",
          "dataType": {
            "type": "bool",
            "specs": {
              "0": "打开",
              "1": "闭合"
            }
          }
        },
        {
          "identifier": "circuitBreakerStatus",
          "name": "断路器开关",
          "dataType": {
            "type": "bool",
            "specs": {
              "0": "关",
              "1": "开"
            }
          }
        }
      ]
    }
  ],
  "services": [
    {
      "identifier": "set",
      "name": "set",
      "required": true,
      "callType": "async",
      "desc": "属性设置",
      "method": "thing.service.property.set",
      "inputData": [
        {
          "identifier": "temperature",
          "name": "温度",
          "dataType": {
            "type": "float",
            "specs": {
              "min": "0",
              "max": "100",
              "unit": "°C",
              "unitName": "摄氏度",
              "step": "0.1"
            }
          }
        },
        {
          "identifier": "humidity",
          "name": "湿度",
          "dataType": {
            "type": "float",
            "specs": {
              "min": "0",
              "max": "100",
              "unit": "%RH",
              "unitName": "相对湿度",
              "step": "0.1"
            }
          }
        },
        {
          "identifier": "relayStatus_1",
          "name": "继电器-1",
          "dataType": {
            "type": "bool",
            "specs": {
              "0": "打开",
              "1": "闭合"
            }
          }
        },
        {
          "identifier": "relayStatus_2",
          "name": "继电器-2",
          "dataType": {
            "type": "bool",
            "specs": {
              "0": "打开",
              "1": "闭合"
            }
          }
        },
        {
          "identifier": "relayStatus_3",
          "name": "继电器-3",
          "dataType": {
            "type": "bool",
            "specs": {
              "0": "打开",
              "1": "闭合"
            }
          }
        },
        {
          "identifier": "relayStatus_4",
          "name": "继电器-4",
          "dataType": {
            "type": "bool",
            "specs": {
              "0": "打开",
              "1": "闭合"
            }
          }
        },
        {
          "identifier": "circuitBreakerStatus",
          "name": "断路器开关",
          "dataType": {
            "type": "bool",
            "specs": {
              "0": "关",
              "1": "开"
            }
          }
        }
      ],
      "outputData": []
    },
    {
      "identifier": "get",
      "name": "get",
      "required": true,
      "callType": "async",
      "desc": "属性获取",
      "method": "thing.service.property.get",
      "inputData": [
        "temperature",
        "humidity",
        "pressure",
        "lightIntensity",
        "smokeDensity",
        "relayStatus_1",
        "relayStatus_2",
        "relayStatus_3",
        "relayStatus_4",
        "circuitBreakerStatus"
      ],
      "outputData": [
        {
          "identifier": "temperature",
          "name": "温度",
          "dataType": {
            "type": "float",
            "specs": {
              "min": "0",
              "max": "100",
              "unit": "°C",
              "unitName": "摄氏度",
              "step": "0.1"
            }
          }
        },
        {
          "identifier": "humidity",
          "name": "湿度",
          "dataType": {
            "type": "float",
            "specs": {
              "min": "0",
              "max": "100",
              "unit": "%RH",
              "unitName": "相对湿度",
              "step": "0.1"
            }
          }
        },
        {
          "identifier": "pressure",
          "name": "气压监测",
          "dataType": {
            "type": "double",
            "specs": {
              "min": "300",
              "max": "2000",
              "unit": "Pa",
              "unitName": "帕斯卡",
              "step": "0.01"
            }
          }
        },
        {
          "identifier": "lightIntensity",
          "name": "光照值",
          "dataType": {
            "type": "int",
            "specs": {
              "min": "0",
              "max": "65535",
              "step": "1"
            }
          }
        },
        {
          "identifier": "smokeDensity",
          "name": "烟感状态",
          "dataType": {
            "type": "float",
            "specs": {
              "min": "0",
              "max": "99999",
              "step": "0.1"
            }
          }
        },
        {
          "identifier": "relayStatus_1",
          "name": "继电器-1",
          "dataType": {
            "type": "bool",
            "specs": {
              "0": "打开",
              "1": "闭合"
            }
          }
        },
        {
          "identifier": "relayStatus_2",
          "name": "继电器-2",
          "dataType": {
            "type": "bool",
            "specs": {
              "0": "打开",
              "1": "闭合"
            }
          }
        },
        {
          "identifier": "relayStatus_3",
          "name": "继电器-3",
          "dataType": {
            "type": "bool",
            "specs": {
              "0": "打开",
              "1": "闭合"
            }
          }
        },
        {
          "identifier": "relayStatus_4",
          "name": "继电器-4",
          "dataType": {
            "type": "bool",
            "specs": {
              "0": "打开",
              "1": "闭合"
            }
          }
        },
        {
          "identifier": "circuitBreakerStatus",
          "name": "断路器开关",
          "dataType": {
            "type": "bool",
            "specs": {
              "0": "关",
              "1": "开"
            }
          }
        }
      ]
    }
  ]
}